flexion,tibial_varus,tibial_external_rotation,lateral_medial,anterior_posterior,distal_proximal
84.93962372895008,-0.7341849134552438,1.8433261360817712,0.0,0.0,-0.0
84.93462126183844,-0.7272248082047954,1.8472622021690577,0.0,0.0,-0.0
84.96425102181794,-0.7319206724329752,1.824069472713778,0.0,0.0,-0.0
84.94469401175594,-0.7354431598538171,1.8616839518652346,0.0,0.0,-0.0
84.9466093082003,-0.7038339474115887,1.846368763235686,0.0,0.0,-0.0
84.94659666946878,-0.7320879746985236,1.8370795765121273,0.0,0.0,-0.0
84.95226563992968,-0.7293245727514714,1.8337706774974811,0.0,0.0,-0.0
84.96219230782522,-0.7171373141944499,1.8333267898173067,0.0,0.0,-0.0
84.96776714186761,-0.7301353708308514,1.82278979494463,0.0,0.0,-0.0
84.96767819796273,-0.7320980368640971,1.8158872574606955,0.0,0.0,-0.0
84.97404388564026,-0.7299587239623496,1.8177495995763435,0.0,0.0,-0.0
84.9612491568591,-0.7228584415182274,1.8304367476218775,0.0,0.0,-0.0
84.96505984056387,-0.733319667027096,1.8261679300013995,0.0,0.0,-0.0
84.95766152820465,-0.7697271957692852,1.8430263560395028,0.0,0.0,-0.0
84.95450773459412,-0.7837658868969601,1.848678778979787,0.0,0.0,-0.0
84.97152528892151,-0.7239892561576161,1.8267263627427004,0.0,0.0,-0.0
84.99047333022213,-0.6928716468809626,1.802795654163674,0.0,0.0,-0.0
84.9791763975882,-0.7153333965226213,1.8124783572277814,0.0,0.0,-0.0
84.9602048419506,-0.7473725417479309,1.8371588354206971,0.0,0.0,-0.0
84.96927316826981,-0.7413336991040662,1.8448178437606761,0.0,0.0,-0.0
84.97756937745314,-0.7159755751335347,1.8341508038165701,0.0,0.0,-0.0
84.97935493427246,-0.7497244267906961,1.824698215413399,0.0,0.0,-0.0
84.96025691215127,-0.7610943737371729,1.8469140660024617,0.0,0.0,-0.0
84.94612913492081,-0.7387702955214226,1.8561004748373338,0.0,0.0,-0.0
84.94502784438816,-0.7391977371119135,1.8584953511604134,0.0,0.0,-0.0
84.94216056398518,-0.7248925552298758,1.851434611289883,0.0,0.0,-0.0
84.96488915837085,-0.7448738311191886,1.827269876974193,0.0,0.0,-0.0
84.9685727877779,-0.7824986272497697,1.8336866210814495,0.0,0.0,-0.0
84.94251186184836,-0.749691736915952,1.8447317328203752,0.0,0.0,-0.0
84.92514733301164,-0.7178267229169345,1.8658111002655224,0.0,0.0,-0.0
84.93811986118001,-0.7200522094297683,1.846489091113347,0.0,0.0,-0.0
84.96160895339553,-0.7454159046996699,1.8021988186627058,0.0,0.0,-0.0
84.94742928657665,-0.7175091248472273,1.8249729974837574,0.0,0.0,-0.0
84.94637273282324,-0.7076665623873294,1.8394218130149023,0.0,0.0,-0.0
84.93671914052385,-0.7040611754583801,1.8410450167143972,0.0,0.0,-0.0
84.93776313370905,-0.6874957805086591,1.8290743929048896,0.0,0.0,-0.0
84.93186585053891,-0.7097575995863463,1.8331703649268225,0.0,0.0,-0.0
84.91919285084916,-0.7240811072379014,1.8645464073157987,0.0,0.0,-0.0
84.92083258895428,-0.6935547142856491,1.8518906356938047,0.0,0.0,-0.0
84.93897625943079,-0.682933010950196,1.831966069674962,0.0,0.0,-0.0
84.93675735601475,-0.6847570069395045,1.8221025238528312,0.0,0.0,-0.0
84.92714755306584,-0.7302856971535254,1.8307383979004999,0.0,0.0,-0.0
84.92284543827778,-0.7854885368697716,1.8429018471477319,0.0,0.0,-0.0
84.92653179790877,-0.7745070247870621,1.8217824894464756,0.0,0.0,-0.0
84.9092457132654,-0.7788244397947106,1.7985685761844916,0.0,0.0,-0.0
84.85879254867801,-0.7519226313576388,1.7895352601578305,0.0,0.0,-0.0
84.80139518878917,-0.7625026982787845,1.776748060390726,0.0,0.0,-0.0
84.7495518466262,-0.8391397005742691,1.812071850317526,0.0,0.0,-0.0
84.72444764670038,-0.9176580560717918,1.8795742393460322,0.0,0.0,-0.0
84.64455335870569,-0.8349271549443312,1.855871298953192,0.0,0.0,-0.0
84.59650210040357,-0.6858195946523129,1.8704838560429717,0.0,0.0,-0.0
84.554541700817,-0.6162466196047598,1.845296034698261,0.0,0.0,-0.0
84.41747572953768,-0.4869730767520254,1.9451341412677092,0.0,0.0,-0.0
84.37161629466773,-0.4018531001774967,1.8602996250694606,0.0,0.0,-0.0
84.24216853736718,-0.29682310394687794,1.8862165718343524,0.0,0.0,-0.0
84.12408271295807,-0.37369517798417456,1.8635034824112626,0.0,0.0,-0.0
83.95448846628555,-0.4479423763091554,1.839813132153903,0.0,0.0,-0.0
83.8119151454924,-0.630302106585324,1.7569777307724095,0.0,0.0,-0.0
83.5876458910816,-0.8286778149849918,1.864203456102472,0.0,0.0,-0.0
83.41169185624175,-1.0804860461786636,1.852381761910957,0.0,0.0,-0.0
83.23560536338677,-1.1364694171955592,1.8711872604812807,0.0,0.0,-0.0
83.04984608992496,-1.1009741580864818,1.8590399240403206,0.0,0.0,-0.0
82.80959087625136,-0.9087037025048301,1.8891842559867928,0.0,0.0,-0.0
82.60579181062765,-0.7043289694460695,1.8303143423099666,0.0,0.0,-0.0
82.33063391132379,-0.45382564435713296,1.855740256438543,0.0,0.0,-0.0
82.06400125393007,-0.30466455690728483,1.8237339947777151,0.0,0.0,-0.0
81.74945278601676,-0.15743836519276627,1.8041767185475432,0.0,0.0,-0.0
81.4565205794676,-0.1913818010115541,1.7866953501410574,0.0,0.0,-0.0
81.10681747709454,-0.31289566236987243,1.8195348971453982,0.0,0.0,-0.0
80.77714769213,-0.41842141577732306,1.8429945992930965,0.0,0.0,-0.0
80.4166495520634,-0.4922930518513353,1.8390491026303095,0.0,0.0,-0.0
80.04204580368761,-0.5819273970256645,1.8581015643417798,0.0,0.0,-0.0
79.66482238894064,-0.6287851088168265,1.8314147465545974,0.0,0.0,-0.0
79.226293874781,-0.6490649573869393,1.858982903060584,0.0,0.0,-0.0
78.78200286084389,-0.6023012284183036,1.8468495783088923,0.0,0.0,-0.0
78.34370633783729,-0.5840612335417655,1.8083056610475454,0.0,0.0,-0.0
77.90398583900516,-0.5553099802708188,1.8011892653230641,0.0,0.0,-0.0
77.42805571629832,-0.5095647257969199,1.8038117888603526,0.0,0.0,-0.0
76.93089453674843,-0.4503582409565148,1.8354355835686975,0.0,0.0,-0.0
76.45796121509225,-0.3465071896393846,1.8385850895506828,0.0,0.0,-0.0
76.0299666636617,-0.24273236043474586,1.81195943517185,0.0,0.0,-0.0
75.55295074072731,-0.21274565466969272,1.8106349461425162,0.0,0.0,-0.0
75.05195895717304,-0.22474792026819804,1.8222758705869,0.0,0.0,-0.0
74.52966339268747,-0.16215193971584518,1.8069925232816912,0.0,0.0,-0.0
74.01809451971629,-0.13559798864757105,1.773670698257244,0.0,0.0,-0.0
73.46697197857124,-0.22927406866780822,1.7498511254432794,0.0,0.0,-0.0
72.92256354327976,-0.2815983399102555,1.7501598256575157,0.0,0.0,-0.0
72.34972055874071,-0.29008991759340624,1.7449540994725115,0.0,0.0,-0.0
71.7915589347613,-0.24202196664974168,1.7218447710888005,0.0,0.0,-0.0
71.24918017627218,-0.20172056786920597,1.710679179569762,0.0,0.0,-0.0
70.7167421822887,-0.22491509874986365,1.7036894447084023,0.0,0.0,-0.0
70.15246294368852,-0.165902549319331,1.678500914082225,0.0,0.0,-0.0
69.62573409104279,-0.12910711075833747,1.6199269773160982,0.0,0.0,-0.0
69.06772499673302,-0.10249703638760514,1.584874556623749,0.0,0.0,-0.0
68.43160574331357,-0.015307247469737842,1.6229235492961,0.0,0.0,-0.0
67.78561145626423,-0.039246618622562505,1.662595095377512,0.0,0.0,-0.0
67.23335414082676,-0.042366564935922314,1.6316032929823572,0.0,0.0,-0.0
66.66214121676984,-0.004790615000532005,1.6004995291713404,0.0,0.0,-0.0
66.03874938883354,0.022596927260723418,1.6460824985319626,0.0,0.0,-0.0
65.45391861563263,0.10641495482117205,1.6784638960073552,0.0,0.0,-0.0
64.93439684912475,0.10239140004184147,1.6137923233185567,0.0,0.0,-0.0
64.41172506378228,0.1126403903978397,1.564424492409129,0.0,0.0,-0.0
63.85277684251221,0.0978935222344568,1.5807959343062241,0.0,0.0,-0.0
63.29151354810422,0.08162956574416451,1.5895433998146438,0.0,0.0,-0.0
62.74219924537832,0.07212932313464564,1.5575521567072848,0.0,0.0,-0.0
62.20443850793242,0.01232051687565599,1.5443422081804834,0.0,0.0,-0.0
61.65257179780412,-0.08895768610696783,1.5634694293271931,0.0,0.0,-0.0
61.10178462308129,-0.09264061235056857,1.579884604738253,0.0,0.0,-0.0
60.582995721055916,-0.03064361616222501,1.55664196258703,0.0,0.0,-0.0
60.119218762319456,0.007642969071523906,1.5055224413814872,0.0,0.0,-0.0
59.649267797920324,0.045503147485192866,1.4677939940842344,0.0,0.0,-0.0
59.12722734181907,0.0738689216912059,1.470699562637783,0.0,0.0,-0.0
58.59319913382584,0.17123331869207215,1.4331189159514046,0.0,0.0,-0.0
58.093781534451644,0.21274462220527487,1.3953604534951536,0.0,0.0,-0.0
57.57984551242693,0.17630303439578127,1.356891614019657,0.0,0.0,-0.0
57.020602827933125,0.17174768806017254,1.3515178591023334,0.0,0.0,-0.0
56.44383881250231,0.14616215521199075,1.3899992008489608,0.0,0.0,-0.0
55.85814512503708,0.11189251577089027,1.4539785528560405,0.0,0.0,-0.0
55.30337603523112,0.06601110220669017,1.4601965849147407,0.0,0.0,-0.0
54.76345226862057,0.06392717698711632,1.4477987419503504,0.0,0.0,-0.0
54.22532993268743,0.09446060334036631,1.4254098385293512,0.0,0.0,-0.0
53.68994536580367,0.08185452571380121,1.3745409347974538,0.0,0.0,-0.0
53.075595634480116,0.048854146681190196,1.3910979583974983,0.0,0.0,-0.0
52.470391719258984,0.001210146329263077,1.3814903717413016,0.0,0.0,-0.0
51.87936001297706,0.03586543367029823,1.356673710311513,0.0,0.0,-0.0
51.251366759712866,0.08628865749127519,1.3758592311962787,0.0,0.0,-0.0
50.64155284256288,0.02770969640081319,1.362644104917989,0.0,0.0,-0.0
50.053601881679896,0.01482706658896471,1.3212689242697837,0.0,0.0,-0.0
49.4566961253833,0.02544192543160211,1.2899381749568097,0.0,0.0,-0.0
48.84695220508513,0.03296067674787507,1.2803673876158632,0.0,0.0,-0.0
48.24904334995888,0.04160250775621995,1.312589037125473,0.0,0.0,-0.0
47.671153563302916,0.06086029451925374,1.3072746127688757,0.0,0.0,-0.0
47.110033982701616,0.041426534752897815,1.2958312740804185,0.0,0.0,-0.0
46.55638746847398,0.0063331837214137985,1.2609936117846858,0.0,0.0,-0.0
45.987511902075795,-0.026843746388696427,1.2245863899540992,0.0,0.0,-0.0
45.391857384486805,-0.05729991839415029,1.2212123131527794,0.0,0.0,-0.0
44.80156342433257,-0.09159351364336316,1.1943793428551328,0.0,0.0,-0.0
44.16120688724112,-0.11469442588619982,1.2329940388194778,0.0,0.0,-0.0
43.542604080978336,-0.19465264154951614,1.2572944513647897,0.0,0.0,-0.0
42.94148968609541,-0.27936228880004327,1.2616140872809911,0.0,0.0,-0.0
42.342541530978316,-0.30743423987700885,1.2832915829207083,0.0,0.0,-0.0
41.7613045978811,-0.3445968573477664,1.2727110363529686,0.0,0.0,-0.0
41.2212011414857,-0.3825450919828852,1.2354016657443625,0.0,0.0,-0.0
40.67130165449469,-0.39078015114900755,1.2288333914457532,0.0,0.0,-0.0
40.11178102809774,-0.3491602006744879,1.2316208804562543,0.0,0.0,-0.0
39.592701895182884,-0.3203335382914194,1.2137824056618942,0.0,0.0,-0.0
39.06353495209219,-0.32262305498448873,1.2166244955018934,0.0,0.0,-0.0
38.544508415640614,-0.27760148275255947,1.1972848565241518,0.0,0.0,-0.0
37.973171065072755,-0.20118645394172852,1.2074781673257409,0.0,0.0,-0.0
37.412475563572286,-0.14369355455764496,1.204032705199101,0.0,0.0,-0.0
36.89535845515731,-0.09609234626211582,1.1649615329005525,0.0,0.0,-0.0
36.36021230337584,-0.11844628451650467,1.1753641767409222,0.0,0.0,-0.0
35.82254010465756,-0.1494077891743311,1.1874888469658658,0.0,0.0,-0.0
35.322715302442454,-0.11532114873544479,1.1354384567812201,0.0,0.0,-0.0
34.85382926435623,-0.15769588886368308,1.0897928170014346,0.0,0.0,-0.0
34.37001257588421,-0.24473627948070703,1.0779178402825136,0.0,0.0,-0.0
33.88943576451468,-0.3248536781766819,1.08014967314487,0.0,0.0,-0.0
33.389328655910475,-0.31489389608564694,1.09525990862169,0.0,0.0,-0.0
32.894107545044754,-0.31527850637986093,1.1100355741545382,0.0,0.0,-0.0
32.38793561297475,-0.33356245299417986,1.1403793732418985,0.0,0.0,-0.0
31.902081597434147,-0.3582449137970703,1.1279928644113473,0.0,0.0,-0.0
31.38555717126663,-0.3636872727920995,1.1469690542746944,0.0,0.0,-0.0
30.888307560481483,-0.3311449665746805,1.165032575269422,0.0,0.0,-0.0
30.381123620057075,-0.3811701400928115,1.1649774598248148,0.0,0.0,-0.0
29.887349724369553,-0.41540964582623624,1.1496833839530989,0.0,0.0,-0.0
29.361105159884083,-0.35516993645166794,1.1336334098467926,0.0,0.0,-0.0
28.86265228080358,-0.3369591359213193,1.1192989772748687,0.0,0.0,-0.0
28.3665551262044,-0.34690058357304326,1.1417702217241323,0.0,0.0,-0.0
27.87905468356681,-0.35963285439710263,1.1497685572616179,0.0,0.0,-0.0
27.40953516578394,-0.40574306572422286,1.1507763872873342,0.0,0.0,-0.0
26.927811778748094,-0.4586101453931245,1.1850620818302837,0.0,0.0,-0.0
26.444134161225264,-0.46490479776387517,1.187090847443309,0.0,0.0,-0.0
25.963399267563435,-0.4327125155272734,1.1585073917161008,0.0,0.0,-0.0
25.480695004404353,-0.44115046341444786,1.13662958540237,0.0,0.0,-0.0
25.020854506322323,-0.4617073057826365,1.10283222337936,0.0,0.0,-0.0
24.570745738436077,-0.4806416161645775,1.0523119826073075,0.0,0.0,-0.0
24.094328229889502,-0.45498615040554874,1.0595271320140212,0.0,0.0,-0.0
23.64988741185218,-0.4644514462628586,1.0459047559438535,0.0,0.0,-0.0
23.2006559377565,-0.42447066288722984,1.0020680964546314,0.0,0.0,-0.0
22.74529594960615,-0.3453336574767105,0.9456321743713889,0.0,0.0,-0.0
22.257334451038826,-0.26925101445721916,0.954972808604956,0.0,0.0,-0.0
21.789535217584813,-0.22795314962864835,0.9832191094132394,0.0,0.0,-0.0
21.353720520701895,-0.25160570152400236,0.9868921708820584,0.0,0.0,-0.0
20.889036464985693,-0.24752099636057454,1.0171147692674158,0.0,0.0,-0.0
20.443782647214057,-0.15281968799027573,1.0193713967829434,0.0,0.0,-0.0
20.010277884704273,-0.16111569485861515,1.027817193223881,0.0,0.0,-0.0
19.58313953956917,-0.19239163859287875,1.0305573736166933,0.0,0.0,-0.0
19.16674263558844,-0.1770058899107901,1.0311133533885284,0.0,0.0,-0.0
18.760123850883797,-0.2014021916002033,1.050342376555934,0.0,0.0,-0.0
18.346902599743295,-0.214589070659039,1.0259432448277266,0.0,0.0,-0.0
17.931913636228636,-0.23533777351495916,1.037739430024761,0.0,0.0,-0.0
17.54156875785984,-0.2456453728970825,1.0759553038379506,0.0,0.0,-0.0
17.136894697898548,-0.2546875866390261,1.0677864832778372,0.0,0.0,-0.0
16.78117998848969,-0.2582106709734697,1.044760468318666,0.0,0.0,-0.0
16.405076711411358,-0.2702340984410969,1.0635199437064062,0.0,0.0,-0.0
16.033681975917524,-0.3216070914821403,1.051919740007855,0.0,0.0,-0.0
15.671996372907524,-0.3824812862254602,1.0161419666686262,0.0,0.0,-0.0
15.306649997746895,-0.44445991342888314,1.0368688825703185,0.0,0.0,-0.0
14.945934930051514,-0.5502653996893447,1.1048120382600395,0.0,0.0,-0.0
14.612763677747356,-0.5855259206723196,1.1297975214401133,0.0,0.0,-0.0
14.314764918265872,-0.6704071307882891,1.1096190221205944,0.0,0.0,-0.0
14.028646966446987,-0.7626750838276208,1.0917696649949207,0.0,0.0,-0.0
13.77623995655443,-0.8888965212250902,1.1000859785951513,0.0,0.0,-0.0
13.537851479754517,-1.0611337238601326,1.109598876917164,0.0,0.0,-0.0
13.286723247238651,-1.1683015185950902,1.109883073162213,0.0,0.0,-0.0
13.020371769926472,-1.2772204346530929,1.1224912598550032,0.0,0.0,-0.0
12.763789720552595,-1.4302802149135956,1.1317184978542016,0.0,0.0,-0.0
12.552281462327262,-1.5260066485345014,1.1194138149694173,0.0,0.0,-0.0
12.348265317212807,-1.6653835585894574,1.1134766291188927,0.0,0.0,-0.0
12.148156144631091,-1.8729649809013753,1.0590591966882923,0.0,0.0,-0.0
11.93928397353258,-2.0175830208584014,1.0383018931266859,0.0,0.0,-0.0
11.726639467505112,-2.105657586829205,1.027434913802258,0.0,0.0,-0.0
11.514594584933258,-2.2079412649780688,1.0045773714564166,0.0,0.0,-0.0
11.259262780098991,-2.272831984982192,0.9967735805163311,0.0,0.0,-0.0
11.020480147527405,-2.32282612259187,0.9632761741750936,0.0,0.0,-0.0
10.785333514849377,-2.395661483025566,0.9561138138012524,0.0,0.0,-0.0
10.51726554506598,-2.53076548607578,1.0186123405247973,0.0,0.0,-0.0
10.243956524040323,-2.634370504852459,1.0265379448757204,0.0,0.0,-0.0
9.976330679414824,-2.705126852555584,1.0032199828079045,0.0,0.0,-0.0
9.713025637595257,-2.77923122306427,0.9901464290521261,0.0,0.0,-0.0
9.452801541334507,-2.872658878000061,0.9346136504317674,0.0,0.0,-0.0
9.180768218192638,-2.925768288410533,0.9156155653021542,0.0,0.0,-0.0
8.909422311010808,-2.9789007243501584,0.9292888005439743,0.0,0.0,-0.0
8.616710422208081,-3.0719450144937865,0.9272012537404355,0.0,0.0,-0.0
8.348965830241328,-3.1308653932057346,0.8772130155921543,0.0,0.0,-0.0
8.067202362749992,-3.2096550255352048,0.8771274657644196,0.0,0.0,-0.0
7.797010550046223,-3.328209130384706,0.8823374640254734,0.0,0.0,-0.0
7.53817738097055,-3.432700692069011,0.8598033743091446,0.0,0.0,-0.0
7.264826410633292,-3.4948327460104602,0.8103364473685071,0.0,0.0,-0.0
6.997339897394887,-3.591140333096284,0.8019118441958514,0.0,0.0,-0.0
6.721830158424006,-3.6954542981394405,0.8271289837790522,0.0,0.0,-0.0
6.455114651567628,-3.805251348017344,0.8043099171601457,0.0,0.0,-0.0
6.2062557439345944,-3.92422846142262,0.7987057906324047,0.0,0.0,-0.0
5.947736910091337,-3.9950910548170255,0.7972752475577761,0.0,0.0,-0.0
5.661750944000782,-4.066847760832142,0.8112910187902626,0.0,0.0,-0.0
5.394333161059647,-4.1731725371493,0.8148169952804148,0.0,0.0,-0.0
5.1764748988266955,-4.218988079159178,0.7715311449318727,0.0,0.0,-0.0
4.940432035059818,-4.299569174456486,0.7698432158184773,0.0,0.0,-0.0
4.710137448414711,-4.4154769242671605,0.7709242664023239,0.0,0.0,-0.0
4.499002255944295,-4.470649630274872,0.735704262805343,0.0,0.0,-0.0
4.285859374795291,-4.523082184425011,0.6966034017955011,0.0,0.0,-0.0
4.133118610563784,-4.637401679385168,0.6547293300420318,0.0,0.0,-0.0
3.944131524677572,-4.71779603438427,0.6887116690487098,0.0,0.0,-0.0
3.745072051402769,-4.782105356079526,0.6828520816189116,0.0,0.0,-0.0
3.5884739019127756,-4.870996639319305,0.6529181536266907,0.0,0.0,-0.0
3.408853412596621,-4.922975691744738,0.6814675680163879,0.0,0.0,-0.0
3.2511110732713253,-4.956136443327648,0.6561034914167231,0.0,0.0,-0.0
3.1204835044183823,-4.9874166120146075,0.6286800016930305,0.0,0.0,-0.0
2.981558228449356,-5.071686415382303,0.6347204785658352,0.0,0.0,-0.0
2.8354462735799606,-5.109246346156662,0.6335401416934711,0.0,0.0,-0.0
2.6941651630675847,-5.13862936779791,0.6531390131862795,0.0,0.0,-0.0
2.5769295760247015,-5.184288594345302,0.6559589280647695,0.0,0.0,-0.0
2.479864672283786,-5.2095752754287155,0.6315455304854545,0.0,0.0,-0.0
2.3615530667453126,-5.22446675947351,0.6158269883951867,0.0,0.0,-0.0
2.215412787188365,-5.219914362864322,0.6424516388458397,0.0,0.0,-0.0
2.0976549856382443,-5.2411184934545565,0.6482870880168818,0.0,0.0,-0.0
1.979128152243734,-5.295363099325741,0.6454670975995949,0.0,0.0,-0.0
1.8329091750112594,-5.333778702976075,0.6778374245186257,0.0,0.0,-0.0
1.6957535818522496,-5.331086346925893,0.7023850213586946,0.0,0.0,-0.0
1.5811253661977782,-5.336321995859891,0.6899323841252132,0.0,0.0,-0.0
1.436719783037428,-5.356100976105985,0.6576004753728508,0.0,0.0,-0.0
1.2877112487421796,-5.3745203358582,0.6519210452547368,0.0,0.0,-0.0
1.1304990783238513,-5.4225371836031835,0.6807861051478395,0.0,0.0,-0.0
0.9664738222957966,-5.436216897354349,0.6795523475352717,0.0,0.0,-0.0
0.8363162469085735,-5.462051812660827,0.6412866257073235,0.0,0.0,-0.0
0.668735769013504,-5.500591462378971,0.6358677190424157,0.0,0.0,-0.0
0.49002989413482384,-5.545282019552423,0.6509603047601158,0.0,0.0,-0.0
0.3380808406992176,-5.6198689424940165,0.6336328014616605,0.0,0.0,-0.0
0.18613841020885283,-5.658345291897143,0.6125493571993463,0.0,0.0,-0.0
0.0019982014875934142,-5.707646645752449,0.6447087576799941,0.0,0.0,-0.0
-0.19553679111839598,-5.747784945435664,0.6897320889902449,0.0,0.0,-0.0
-0.3553469938459129,-5.759954252502271,0.665152206628984,0.0,0.0,-0.0
-0.5110868331421866,-5.751336623649067,0.6493831696721862,0.0,0.0,-0.0
-0.6662880695201829,-5.758559433275752,0.6486936076819505,0.0,0.0,-0.0
-0.7962037699433572,-5.755388472009756,0.6394034239034669,0.0,0.0,-0.0
-0.9264117548665018,-5.744071585574952,0.6366857842280903,0.0,0.0,-0.0
-1.0281224456128994,-5.8107292129786865,0.624480211206608,0.0,0.0,-0.0
-1.1292900947318347,-5.8583000394623435,0.6175073308632585,0.0,0.0,-0.0
-1.2258020674826542,-5.874280252878883,0.6362149371221579,0.0,0.0,-0.0
-1.3242057431025958,-5.903317942569585,0.6769524167984519,0.0,0.0,-0.0
-1.4013141684737584,-5.878608929194675,0.6566547427527574,0.0,0.0,-0.0
-1.449475641752268,-5.852701494053567,0.6382373689934501,0.0,0.0,-0.0
-1.4699205262117119,-5.894120435366896,0.6198855590953851,0.0,0.0,-0.0
-1.5210368689100342,-5.9253644792301365,0.6458907693061602,0.0,0.0,-0.0
-1.5591592718425107,-5.905837273788809,0.6526144159084293,0.0,0.0,-0.0
-1.5661639961544969,-5.882457006547103,0.6242172975150083,0.0,0.0,-0.0
-1.5863651771650984,-5.888573474831461,0.628115946075405,0.0,0.0,-0.0
-1.5993503675632812,-5.881028556583567,0.6113688644660755,0.0,0.0,-0.0
-1.578078744750777,-5.884519954854934,0.6156431597390948,0.0,0.0,-0.0
-1.5523482865826326,-5.873775626556915,0.6227850887424822,0.0,0.0,-0.0
-1.5523693787275514,-5.860868495816053,0.6197248424142849,0.0,0.0,-0.0
-1.5584438937323069,-5.840505944925804,0.6270371873396455,0.0,0.0,-0.0
-1.5325946655401577,-5.857962762240818,0.607740143474168,0.0,0.0,-0.0
-1.5033174547502381,-5.922484717859548,0.59292914379273,0.0,0.0,-0.0
-1.505830656552573,-5.94880412546561,0.6071168785963575,0.0,0.0,-0.0
-1.5170117023817937,-5.937337548294154,0.6124806424973983,0.0,0.0,-0.0
-1.491688990930368,-5.924692697056846,0.5957724789618671,0.0,0.0,-0.0
-1.4756882495496264,-5.918599429921856,0.5838539346025665,0.0,0.0,-0.0
-1.4509997289589305,-5.902033020410278,0.6015438076137807,0.0,0.0,-0.0
-1.41587960171342,-5.885957427411268,0.5770693631988393,0.0,0.0,-0.0
-1.365745516169014,-5.887578468200217,0.5643462216669771,0.0,0.0,-0.0
-1.3122269186447162,-5.840219602439529,0.5854812718618888,0.0,0.0,-0.0
-1.2541173354026787,-5.775935672664364,0.5973651062231999,0.0,0.0,-0.0
-1.1590194315753604,-5.782872884894961,0.6188339882386596,0.0,0.0,-0.0
-1.0564513754291245,-5.7899807451340095,0.6194257045480416,0.0,0.0,-0.0
-0.9534620144570012,-5.726866557156956,0.6152723850959189,0.0,0.0,-0.0
-0.8556837942182821,-5.710381602448496,0.6349772399993479,0.0,0.0,-0.0
-0.7458278799404341,-5.668683996068873,0.6385241415774063,0.0,0.0,-0.0
-0.6072763941597337,-5.66531832390067,0.6368452735523114,0.0,0.0,-0.0
-0.46339497020734693,-5.6911272064386385,0.6530257796582744,0.0,0.0,-0.0
-0.3255493351840327,-5.666955895067692,0.6712620645646868,0.0,0.0,-0.0
-0.17883550980129104,-5.579099804797651,0.6608871217041977,0.0,0.0,-0.0
-0.00939620244426394,-5.531579404617928,0.6667508387689933,0.0,0.0,-0.0
0.1878788849194123,-5.476003198391065,0.6594111042314678,0.0,0.0,-0.0
0.36792575812646655,-5.3932790519241385,0.6802003450142928,0.0,0.0,-0.0
0.573894132424404,-5.342979584795875,0.6811698803401197,0.0,0.0,-0.0
0.7926986959036532,-5.290496426320364,0.6688106627539578,0.0,0.0,-0.0
0.9755038744855585,-5.218712004457147,0.686147278711843,0.0,0.0,-0.0
1.1524529496267846,-5.148380161634028,0.7006603033596606,0.0,0.0,-0.0
1.3498342314038503,-5.0740894702452914,0.6850289881572386,0.0,0.0,-0.0
1.5513622814079107,-5.048222855085235,0.6731919540234255,0.0,0.0,-0.0
1.7429962155462706,-5.0517942951099695,0.6794164257987957,0.0,0.0,-0.0
1.9341468201518528,-5.002665571542157,0.6640207884190256,0.0,0.0,-0.0
2.144976449640773,-4.99806612309587,0.6301819259228648,0.0,0.0,-0.0
2.32234310189458,-5.0044158774596355,0.6101348181305142,0.0,0.0,-0.0
2.5032930772211186,-5.015402455176431,0.5994235836694385,0.0,0.0,-0.0
2.7242804965509078,-5.072323416693656,0.5854929185188118,0.0,0.0,-0.0
2.952786578652137,-5.128113208275377,0.5741431068509869,0.0,0.0,-0.0
3.1887540358935107,-5.179639219720242,0.5700455253240516,0.0,0.0,-0.0
3.4291126051566834,-5.204635884578745,0.5734380821706317,0.0,0.0,-0.0
3.693307801141378,-5.206169484472422,0.5016996864882965,0.0,0.0,-0.0
3.910794625865526,-5.202654008011738,0.5150747849577972,0.0,0.0,-0.0
4.111309226619801,-5.184583422099553,0.5532222024256482,0.0,0.0,-0.0
4.353358841918062,-5.157430623607473,0.5396553733764986,0.0,0.0,-0.0
4.596739476919398,-5.158762017440528,0.5393438165656623,0.0,0.0,-0.0
4.848527160136362,-5.079092260753251,0.5336988764279578,0.0,0.0,-0.0
5.061938644165746,-4.971096859916705,0.5866158004959722,0.0,0.0,-0.0
5.3032523432656875,-4.834819176904466,0.6079557606665267,0.0,0.0,-0.0
5.522565247303869,-4.679200526155005,0.6049869913405964,0.0,0.0,-0.0
5.7543201455596575,-4.568238899335234,0.6300504215050633,0.0,0.0,-0.0
5.972941898219878,-4.437447962687637,0.6818471582003027,0.0,0.0,-0.0
6.1864537016726695,-4.27581916693536,0.7187134806306846,0.0,0.0,-0.0
6.41809033667125,-4.106753616154847,0.7365688540493716,0.0,0.0,-0.0
6.653385982636012,-3.940196804678697,0.7735414013386965,0.0,0.0,-0.0
6.88120095359338,-3.7557657257289487,0.8346362128227299,0.0,0.0,-0.0
7.112043579676233,-3.5503352574645275,0.8655426486373374,0.0,0.0,-0.0
7.382626403915607,-3.402036116098006,0.9080568590803301,0.0,0.0,-0.0
7.668528382766375,-3.271456096414645,0.9304623809741936,0.0,0.0,-0.0
7.963301331251079,-3.0929361609517656,0.9397463584845732,0.0,0.0,-0.0
8.229217092749764,-2.924776368413142,0.9824278771336818,0.0,0.0,-0.0
8.529706794127769,-2.7709525964519903,0.9756416886892131,0.0,0.0,-0.0
8.857883098925903,-2.6569463004851306,0.9575422685385875,0.0,0.0,-0.0
9.15209273748773,-2.5263266284377277,0.9526148684191436,0.0,0.0,-0.0
9.447078365471993,-2.427061047455003,0.981272213972968,0.0,0.0,-0.0
9.77376715420474,-2.3859722812281414,1.0196702507308537,0.0,0.0,-0.0
10.071825065600649,-2.3242090874975476,1.047786774708209,0.0,0.0,-0.0
10.403762790153074,-2.2463434741540227,1.0418926142077785,0.0,0.0,-0.0
10.733432954418909,-2.153777998783204,1.0379494584535927,0.0,0.0,-0.0
11.069251121989074,-2.080107068018761,1.0669975889605547,0.0,0.0,-0.0
11.42945338131962,-2.0653489008077077,1.10391300645249,0.0,0.0,-0.0
11.853254773164513,-2.0063215375195433,1.0691552934734845,0.0,0.0,-0.0
12.327572666318058,-1.9680168225943868,1.006028151909024,0.0,0.0,-0.0
12.73988068018183,-1.8893793053805508,0.9954785946630633,0.0,0.0,-0.0
13.182190309688092,-1.8098552919476925,1.028142966386789,0.0,0.0,-0.0
13.644600543559136,-1.7572359952564265,1.0689031769677906,0.0,0.0,-0.0
14.147367493518418,-1.6848573045183917,1.077111363223528,0.0,0.0,-0.0
14.690711536797162,-1.5677023963659866,1.03664204064192,0.0,0.0,-0.0
15.255990681070264,-1.4089985811221655,0.9846048134901415,0.0,0.0,-0.0
15.837910489212785,-1.244555353450806,0.9645589778497804,0.0,0.0,-0.0
16.393127775646658,-1.1187583683661486,0.9949989541968552,0.0,0.0,-0.0
17.001890381378168,-0.9997108402221169,0.9941862253395276,0.0,0.0,-0.0
17.628534098522614,-0.8761223045012858,0.9987158511939205,0.0,0.0,-0.0
18.262882752605254,-0.7324331525043868,0.9976894864426696,0.0,0.0,-0.0
18.92425207054185,-0.5948812159327272,0.9787824102992593,0.0,0.0,-0.0
19.559833175623268,-0.488516179847568,0.9769803512957963,0.0,0.0,-0.0
20.21082939557076,-0.4043767647200392,0.9722744122668693,0.0,0.0,-0.0
20.868563484210345,-0.3442858525609866,1.0032827993548281,0.0,0.0,-0.0
21.535013187415103,-0.31340594894746104,1.0516154936158884,0.0,0.0,-0.0
22.219257390904588,-0.27549508997138533,1.069825673208702,0.0,0.0,-0.0
22.88774927908998,-0.2052371707368095,1.071212480627122,0.0,0.0,-0.0
23.524288399553736,-0.18212125371512208,1.136577103106313,0.0,0.0,-0.0
24.18954888357557,-0.16238497306617994,1.2081064122174234,0.0,0.0,-0.0
24.91072512093758,-0.12040058257742037,1.1659676256280296,0.0,0.0,-0.0
25.602637662968103,-0.09550685673554378,1.1519526093814791,0.0,0.0,-0.0
26.28400599447014,-0.07788039405958334,1.1682340591901534,0.0,0.0,-0.0
26.975226496021808,-0.08786738794774028,1.1501577713539122,0.0,0.0,-0.0
27.65891345408657,-0.08959104920538008,1.1418234401533367,0.0,0.0,-0.0
28.326743758126113,-0.08997781682001994,1.1416603205567117,0.0,0.0,-0.0
28.97661578748132,-0.10469624136805158,1.1357393807968343,0.0,0.0,-0.0
29.63620678550835,-0.11240374265517245,1.136928418237046,0.0,0.0,-0.0
30.28500036092042,-0.07722630743036285,1.1344228873217657,0.0,0.0,-0.0
30.91836806847067,-0.0633245496332875,1.1536244699185154,0.0,0.0,-0.0
31.593650631627746,-0.01908928113732117,1.1145765574444806,0.0,0.0,-0.0
32.2487054114403,0.02581092128571805,1.094288781066438,0.0,0.0,-0.0
32.89197147711527,0.02291671062921116,1.1014893192491735,0.0,0.0,-0.0
33.507029600049464,0.049617691486856866,1.1352976986761714,0.0,0.0,-0.0
34.15288503250209,0.08877890687923003,1.1571364352860218,0.0,0.0,-0.0
34.8041940514744,0.08112448162347632,1.1678858362786866,0.0,0.0,-0.0
35.427142207574285,0.10196179101952813,1.1782970962251114,0.0,0.0,-0.0
36.05337331057715,0.11692847037187036,1.2053405961669197,0.0,0.0,-0.0
36.69499549751983,0.1194396589650427,1.2235630872445793,0.0,0.0,-0.0
37.340205163582816,0.13267325307667088,1.238681018173486,0.0,0.0,-0.0
38.000056982589946,0.1256592282424245,1.2509823653176595,0.0,0.0,-0.0
38.686504473144666,0.15116920614023718,1.2306352013397641,0.0,0.0,-0.0
39.342524050426846,0.13012749263622267,1.2443335068000103,0.0,0.0,-0.0
40.02464245309685,0.13217973620005857,1.2336015643906897,0.0,0.0,-0.0
40.692046655061574,0.15966562858741667,1.2345649605481805,0.0,0.0,-0.0
41.35662090860537,0.2295142501989037,1.2427156188176975,0.0,0.0,-0.0
42.09481788817952,0.20719848316486905,1.223164594240771,0.0,0.0,-0.0
42.79319761076162,0.22517456634101535,1.2371485148677155,0.0,0.0,-0.0
43.487970998101694,0.2896045109723571,1.2542197562463024,0.0,0.0,-0.0
44.208020615917796,0.3007038679483779,1.281154165192341,0.0,0.0,-0.0
44.939538032853406,0.3571611640126894,1.2769491919320035,0.0,0.0,-0.0
45.66843095674692,0.4154978629607667,1.278677218397247,0.0,0.0,-0.0
46.446753125152746,0.47472570249740376,1.2617431905445953,0.0,0.0,-0.0
47.23360148760074,0.5715361150027624,1.2600980958635504,0.0,0.0,-0.0
48.01676243128484,0.5853458933204787,1.2720096494562534,0.0,0.0,-0.0
48.825670656909814,0.5362379232098996,1.2821542263203223,0.0,0.0,-0.0
49.6111807440807,0.4758728606352592,1.318600604076942,0.0,0.0,-0.0
50.384599150665935,0.3933359255910397,1.371877925533215,0.0,0.0,-0.0
51.12065890118563,0.30132885135899046,1.382770432347532,0.0,0.0,-0.0
51.84752595964465,0.29348817662662924,1.374798832715709,0.0,0.0,-0.0
52.57173413715174,0.2854763501320999,1.3707885857400364,0.0,0.0,-0.0
53.282129526339475,0.23405960988613964,1.409551624500405,0.0,0.0,-0.0
54.00914882975149,0.20993228884814025,1.417451748184992,0.0,0.0,-0.0
54.76065653758449,0.18100419296731132,1.4132017141008082,0.0,0.0,-0.0
55.50423212383669,0.1307553088477979,1.4411368306828196,0.0,0.0,-0.0
56.26243111865021,0.11758828457319438,1.4229145936304393,0.0,0.0,-0.0
57.02157557842515,0.11065541324455,1.386602353391814,0.0,0.0,-0.0
57.729233925875185,0.12977184175274797,1.3794515396556237,0.0,0.0,-0.0
58.40015236704116,0.14736121981507827,1.374831375039733,0.0,0.0,-0.0
59.023289362069036,0.11295733968205511,1.41121731528138,0.0,0.0,-0.0
59.63149530018526,0.09050452214656818,1.423560910678292,0.0,0.0,-0.0
60.19628663381912,0.09055804583331842,1.4651980050670481,0.0,0.0,-0.0
60.70820050824013,0.1181201826648538,1.5250540759058118,0.0,0.0,-0.0
61.25873367534451,0.10146270135644166,1.5130160426814532,0.0,0.0,-0.0
61.810754798534624,0.08870659388585102,1.4916595989334496,0.0,0.0,-0.0
62.312954951617705,0.09039448783881476,1.4990561525803334,0.0,0.0,-0.0
62.808462496669144,0.04940233153609489,1.5381968075878676,0.0,0.0,-0.0
63.29105660038422,0.06902527891479904,1.5670443544183505,0.0,0.0,-0.0
63.77418157844979,0.08693785534479688,1.5756561511437266,0.0,0.0,-0.0
64.22450655142168,0.08929275363335343,1.5561810721299478,0.0,0.0,-0.0
64.65634270278663,0.05845685944438027,1.55061264796192,0.0,0.0,-0.0
65.02722869471516,0.07221225975490199,1.613799607413578,0.0,0.0,-0.0
65.41105836355439,0.09749307957894092,1.6141652677488967,0.0,0.0,-0.0
65.82856462091436,0.05437190292622205,1.5850318614127137,0.0,0.0,-0.0
66.20189983810263,-0.01710700192379663,1.5932306506682345,0.0,0.0,-0.0
66.53396145351267,-0.06699015303194013,1.6292175549140047,0.0,0.0,-0.0
66.86376135425641,-0.11046577907704998,1.6331182905309873,0.0,0.0,-0.0
67.23106017735032,-0.07925823701564325,1.576879350048875,0.0,0.0,-0.0
67.56975338357624,-0.0678145340297011,1.5760331893136927,0.0,0.0,-0.0
67.89230311944058,-0.0826306616709544,1.5914176659911867,0.0,0.0,-0.0
68.18316667172822,-0.046209290781868174,1.6325069852897718,0.0,0.0,-0.0
68.55002056702742,-0.018828233274436158,1.602280145095528,0.0,0.0,-0.0
68.91066960883208,-0.0436159560426838,1.5839904183198255,0.0,0.0,-0.0
69.22938846404732,-0.03667980739475822,1.6157042392048855,0.0,0.0,-0.0
69.55836726895393,-0.028222570168668856,1.6151202602336379,0.0,0.0,-0.0
69.88007514058019,-0.017223878855088127,1.6409536313320787,0.0,0.0,-0.0
70.20577534158095,-0.005437052810867513,1.6451341100281036,0.0,0.0,-0.0
70.53548096712551,-0.01204459861001071,1.618856169347941,0.0,0.0,-0.0
70.8129841752828,0.036772448521617415,1.6594959352330831,0.0,0.0,-0.0
71.13303109581125,-0.01037902110685791,1.672893863853625,0.0,0.0,-0.0
71.45126162886913,-0.03596403954968244,1.6772300336737014,0.0,0.0,-0.0
71.77101385697974,-0.023247524262068053,1.6823483259049312,0.0,0.0,-0.0
72.08293045209778,-0.04270226178610009,1.6911935170988104,0.0,0.0,-0.0
72.40747138266346,-0.10368836501544547,1.7012365055634642,0.0,0.0,-0.0
72.74906168228478,-0.12947362241173543,1.680898097174697,0.0,0.0,-0.0
73.04055003550859,-0.17711045393010735,1.704885251510757,0.0,0.0,-0.0
73.28507060201753,-0.22258074539541284,1.7538546118430782,0.0,0.0,-0.0
73.59329573674886,-0.20877955334179907,1.7406494564135304,0.0,0.0,-0.0
73.87058940205499,-0.1717623077614034,1.7390271168978153,0.0,0.0,-0.0
74.11590236298959,-0.1450156022008819,1.759527734736634,0.0,0.0,-0.0
74.36658918930013,-0.13868235601514303,1.7735340962994823,0.0,0.0,-0.0
74.5874184510823,-0.13315559188047188,1.8097854281614918,0.0,0.0,-0.0
74.81350826508377,-0.12299793109882814,1.825807676375574,0.0,0.0,0.0
75.05593294744529,-0.09019879483762225,1.8136196586705842,0.0,0.0,0.0
75.29516092798255,-0.11196108075567927,1.8060593871690271,0.0,0.0,0.0
75.48196408978475,-0.10991202078851568,1.8119111127275735,0.0,0.0,0.0
75.67683757071777,-0.13640846702442605,1.7921771039278283,0.0,0.0,0.0
75.86923388628516,-0.14427924858716865,1.792515893399883,0.0,0.0,0.0
76.03075442198572,-0.15019813548392508,1.8418350033349429,0.0,0.0,0.0
76.21172989931942,-0.17202404792041662,1.837145597956235,0.0,0.0,0.0
76.39962101711791,-0.12740368355495058,1.8124557838550566,0.0,0.0,0.0
76.56950510526536,-0.1358394497867938,1.8296299225616746,0.0,0.0,0.0
76.79770798649972,-0.16170313732512281,1.7995050412311506,0.0,0.0,0.0
77.001000880277,-0.140079231345148,1.7976478236480926,0.0,0.0,0.0
77.17801503295641,-0.13530143377299425,1.8261159438805874,0.0,0.0,0.0
77.37533263449156,-0.1219321110541261,1.8343710334806755,0.0,0.0,0.0
77.62073427657953,-0.10710024639835963,1.8184741433864255,0.0,0.0,0.0
77.87556273635893,-0.1050213650120857,1.8081188636598056,0.0,0.0,0.0
78.11241208739926,-0.12117338895156762,1.8136561629641974,0.0,0.0,0.0
78.35554929648966,-0.14262651113407906,1.8189300602527274,0.0,0.0,0.0
78.59503052988599,-0.13418411427048865,1.840870901049785,0.0,0.0,0.0
78.83219741024897,-0.18726739844678736,1.8520791022496308,0.0,0.0,0.0
79.09433105631311,-0.20868372978913602,1.835987245155371,0.0,0.0,0.0
79.34728671829123,-0.19408368843820467,1.833587662778728,0.0,0.0,0.0
79.59611273333101,-0.20149614496407575,1.8310794509945931,0.0,0.0,0.0
79.86278341997468,-0.23482974291552516,1.8322016658483606,0.0,0.0,0.0
80.1284194512072,-0.25806566711872564,1.8248612871855754,0.0,0.0,0.0
80.39771702961764,-0.2862152862052868,1.7923651100173874,0.0,0.0,0.0
80.65945116074296,-0.35725064588844263,1.7973325991735263,0.0,0.0,0.0
80.90336227711914,-0.4012505782902285,1.8399194412198125,0.0,0.0,0.0
81.17418189311553,-0.4298922672912044,1.8119854925676702,0.0,0.0,-0.0
81.41653969518559,-0.4403902881910212,1.80748027476364,0.0,0.0,-0.0
81.63039556341698,-0.40335923986167477,1.829353469440965,0.0,0.0,-0.0
81.87220612076716,-0.40488332313259373,1.822557105740235,0.0,0.0,-0.0
82.08084964022622,-0.3939793246709564,1.8250247160853927,0.0,0.0,-0.0
82.25601089171278,-0.40147188779918613,1.8520321837505354,0.0,0.0,-0.0
82.46898493904581,-0.4243007473896388,1.8413828819493345,0.0,0.0,-0.0
82.64694643730992,-0.4467880074392795,1.8537884160241251,0.0,0.0,-0.0
82.81708178315023,-0.46993138672679124,1.8736173369438027,0.0,0.0,-0.0
82.9632485951821,-0.48539949292661944,1.8895518613759126,0.0,0.0,-0.0
83.13248047406121,-0.47672963616375263,1.8636314076687337,0.0,0.0,-0.0
83.26475156635523,-0.41412732654733864,1.880336729646078,0.0,0.0,-0.0
83.39693844872664,-0.4090621818937069,1.9004319744831473,0.0,0.0,-0.0
83.53984608542608,-0.4132864129922356,1.8757166286586977,0.0,0.0,-0.0
83.68236400091615,-0.41420435061977584,1.8472422086682512,0.0,0.0,-0.0
83.79572159628032,-0.4599779034498588,1.8470358937809206,0.0,0.0,-0.0
83.91728298124258,-0.5344654245954202,1.8604756901951305,0.0,0.0,-0.0
84.04996823008105,-0.6027939948671367,1.8509661162202184,0.0,0.0,-0.0
84.16198392654938,-0.6187848677293558,1.8493671532579181,0.0,0.0,-0.0
84.23476819251279,-0.5937484003895646,1.8747273904691792,0.0,0.0,-0.0
84.29273968551436,-0.5709173678163804,1.8920351942474056,0.0,0.0,-0.0
84.39863954182668,-0.5345499959601795,1.8687898019821998,0.0,0.0,-0.0
84.4931876569145,-0.46209098060655834,1.8687012254330866,0.0,0.0,-0.0
84.59492442296836,-0.4145155120567622,1.8826491172477655,0.0,0.0,-0.0
84.7157380554217,-0.41152234410716354,1.8585888629220801,0.0,0.0,-0.0
84.81395955817825,-0.5009856803944481,1.8569883978414354,0.0,0.0,-0.0
84.89594465750488,-0.5660059268151526,1.8826991707860747,0.0,0.0,-0.0
85.00185602890164,-0.6235496959153621,1.884098982232019,0.0,0.0,-0.0
85.10051271703924,-0.6628649472557498,1.8880908820981668,0.0,0.0,-0.0
85.20482436708949,-0.6620214291341937,1.8897670903065622,0.0,0.0,-0.0
85.34674242562471,-0.5694985395160017,1.8475634993501198,0.0,0.0,-0.0
85.45071626722049,-0.5223775797199708,1.856719053848587,0.0,0.0,-0.0
85.55369412589953,-0.552544334253451,1.8957505964429797,0.0,0.0,-0.0
85.68620808447191,-0.5844179655045068,1.9198318206287308,0.0,0.0,-0.0
85.84856021642824,-0.619302996535071,1.8904532318370115,0.0,0.0,-0.0
86.00213246059582,-0.6733273294571905,1.849662565362028,0.0,0.0,-0.0
86.02735246803174,-0.6086214686095747,1.9741565030558794,0.0,0.0,-0.0
86.02141309059797,-0.5500628866083477,1.8213069894593914,0.0,0.0,-0.0
85.95414538661974,-0.4261457327332593,1.8022877842524203,0.0,0.0,-0.0
85.96965237931526,-0.5482943320033051,1.8019337843210819,0.0,0.0,-0.0
85.76580998064183,-0.6049528303985514,1.77209258899329,0.0,0.0,-0.0
85.73044157814019,-0.8331255095055563,1.7121437437788785,0.0,0.0,-0.0
85.58375964135568,-1.0725677415941546,1.8936488570612908,0.0,0.0,-0.0
85.46851709944812,-1.2367612894176077,1.746751732149511,0.0,0.0,-0.0
85.2943129207459,-1.1386149379657888,1.8915577259493885,0.0,0.0,-0.0
85.1833556246737,-1.1106837728608783,1.8457365713371683,0.0,0.0,-0.0
84.95575604553143,-0.843185193570286,1.904808022538314,0.0,0.0,-0.0
84.79156136119441,-0.745265374087243,1.7951490336542446,0.0,0.0,-0.0
84.52389732703153,-0.5235867059741698,1.9235855101186672,0.0,0.0,-0.0
84.28621057244091,-0.4424918409852782,1.8780637889791802,0.0,0.0,-0.0
83.95106525605779,-0.29572651874097244,1.8531517769140318,0.0,0.0,-0.0
83.63254159326392,-0.3276487692371042,1.768236169269783,0.0,0.0,-0.0
83.26646972900419,-0.39375503076979035,1.813938696785768,0.0,0.0,-0.0
82.8744517654275,-0.6082276455876382,1.8087978637274753,0.0,0.0,-0.0
82.47433403953292,-0.7450858894508926,1.8217133195376765,0.0,0.0,-0.0
82.08040824058882,-0.892315796001368,1.8152487634374102,0.0,0.0,-0.0
81.64164492406915,-0.8930527718057112,1.8411735583878814,0.0,0.0,-0.0
81.16452386632135,-0.7963496731960954,1.8630712732831225,0.0,0.0,-0.0
80.71001116736456,-0.664546332622544,1.807008136926228,0.0,0.0,-0.0
80.23565032464573,-0.6019996897643018,1.7685665345761512,0.0,0.0,-0.0
79.67789942271219,-0.5370513013711763,1.784043904719591,0.0,0.0,-0.0
79.09147767543342,-0.4268503370526237,1.7893407330494355,0.0,0.0,-0.0
78.55430773654723,-0.4210010844804407,1.7660410646917812,0.0,0.0,-0.0
77.973859092544,-0.3883003677440648,1.805403940584271,0.0,0.0,-0.0
77.39363248064255,-0.31746948005833375,1.821928935607414,0.0,0.0,-0.0
76.83344479131496,-0.2738056030464976,1.821843379827691,0.0,0.0,-0.0
76.24847126907741,-0.23980531783085998,1.8101297963992162,0.0,0.0,-0.0
75.69582284690497,-0.21335619761562621,1.7826384187024822,0.0,0.0,-0.0
75.0928994801365,-0.20631133071305216,1.7761540624973395,0.0,0.0,-0.0
74.45961135887893,-0.24119174736043061,1.7995372594805195,0.0,0.0,-0.0
73.81576390936868,-0.29609383482285545,1.7546100069159152,0.0,0.0,-0.0
73.1576530963241,-0.29128188272388805,1.7279680412835998,0.0,0.0,-0.0
72.48792016000125,-0.25136561259569573,1.6899873802868715,0.0,0.0,-0.0
71.80184087020392,-0.23074870030689193,1.6817530886525371,0.0,0.0,-0.0
71.11494505833522,-0.22566737927429853,1.693456187424246,0.0,0.0,-0.0
70.4632124654005,-0.21593638600803347,1.672401704920062,0.0,0.0,-0.0
69.82992358393872,-0.1644136497491107,1.6462665964213468,0.0,0.0,-0.0
69.18130995614305,-0.08114928674100248,1.6491503789493982,0.0,0.0,-0.0
68.52742379931941,-0.03546136889778725,1.6500421326402748,0.0,0.0,-0.0
67.85802766321981,0.029559488555266744,1.6386764476052806,0.0,0.0,-0.0
67.20988042132991,0.0987735160320287,1.6065435313048366,0.0,0.0,-0.0
66.516368835491,0.12954323570802317,1.6117869350204603,0.0,0.0,-0.0
65.81739864710764,0.1341682597511922,1.6355355223763146,0.0,0.0,-0.0
65.18249723692482,0.1004624078286694,1.6309768321819338,0.0,0.0,-0.0
64.5439749465574,0.13023597837229942,1.5932902189262392,0.0,0.0,-0.0
63.87065115519743,0.1683052898328073,1.593325475278856,0.0,0.0,-0.0
63.24248263922286,0.14668726929287465,1.5850136912940598,0.0,0.0,-0.0
62.66759389289859,0.11557519864434013,1.557357982958095,0.0,0.0,-0.0
62.0543068982629,0.13120864068516458,1.5728746459616172,0.0,0.0,-0.0
61.47080550671051,0.12564347065966647,1.5654515926817918,0.0,0.0,-0.0
60.9282022457238,0.1209053585943689,1.5289176763255252,0.0,0.0,-0.0
60.35411477115193,0.10660761176952126,1.5102710338508323,0.0,0.0,-0.0
59.75150666416597,0.17193611282332322,1.5316576886125752,0.0,0.0,-0.0
59.17063152615514,0.19730541061658985,1.4960536401434592,0.0,0.0,-0.0
58.659875540526166,0.17495225311387438,1.4191675576095564,0.0,0.0,-0.0
58.13317806183625,0.1877576805107699,1.4016902370762865,0.0,0.0,-0.0
57.5738679930458,0.22099596947463088,1.409632848731675,0.0,0.0,-0.0
57.07130043782832,0.2298699262562957,1.4035637016737013,0.0,0.0,-0.0
56.592266365400356,0.22361797425406854,1.400450080964162,0.0,0.0,-0.0
56.076541635610354,0.21577083174742487,1.4316960641661018,0.0,0.0,-0.0
55.60351416321387,0.2023012886534669,1.4831103346081858,0.0,0.0,-0.0
55.196013230466,0.1639848407467466,1.4293929003054926,0.0,0.0,-0.0
54.73976957445556,0.16868436322709326,1.403606318030951,0.0,0.0,-0.0
54.25559524919677,0.19966333357783123,1.414856438407687,0.0,0.0,-0.0
53.77036513103091,0.20431479821966822,1.4091951100528268,0.0,0.0,-0.0
53.347812506704145,0.18058626962203733,1.3554334482674526,0.0,0.0,-0.0
52.89491553806153,0.12116978187359671,1.319602320312286,0.0,0.0,-0.0
52.40259847996903,0.1184476852912167,1.344414191850426,0.0,0.0,-0.0
51.94648385301648,0.08886574505585815,1.3549189286526422,0.0,0.0,-0.0
51.49800976984593,0.09795062993168824,1.349314061210897,0.0,0.0,-0.0
51.07805782824916,0.11313730362462325,1.33669148691174,0.0,0.0,-0.0
50.6462576522068,0.09319274155583941,1.3004618690515797,0.0,0.0,-0.0
50.203335971992466,0.05462023597120424,1.3029041916491337,0.0,0.0,-0.0
49.762481420832295,0.08844512003081692,1.3157916832363932,0.0,0.0,-0.0
49.306466943515424,0.14960758395762863,1.2885863159351096,0.0,0.0,-0.0
48.85837719495277,0.13887612217168588,1.2509405191149707,0.0,0.0,-0.0
48.39367578449483,0.10606465148216387,1.2412607702764593,0.0,0.0,-0.0
47.873289717704196,0.0997058652463185,1.255516495215611,0.0,0.0,-0.0
47.367461691481715,0.06933259967755977,1.2852728025322546,0.0,0.0,-0.0
46.909347562473926,0.013146596432191208,1.2756539170993515,0.0,0.0,-0.0
46.412078498372566,-0.008068044767433365,1.2452083970050865,0.0,0.0,-0.0
45.89084435155249,-0.03589927127697307,1.2249385600933607,0.0,0.0,-0.0
45.35611775227917,-0.10158060628908894,1.254915450195053,0.0,0.0,-0.0
44.85111658944467,-0.19994554585593122,1.2499671173082283,0.0,0.0,-0.0
44.31217829491936,-0.26589127725377565,1.2491641142219125,0.0,0.0,-0.0
43.7267289549686,-0.2956366110331461,1.2660296503928943,0.0,0.0,-0.0
43.16540352264764,-0.34385694980280923,1.244105261653264,0.0,0.0,-0.0
42.57268209086677,-0.3518229174647089,1.2528620159790225,0.0,0.0,-0.0
41.95893156298909,-0.37483018265553225,1.2521101855436325,0.0,0.0,-0.0
41.362764278228525,-0.4614181530267928,1.2362068474824937,0.0,0.0,-0.0
40.708422608275235,-0.5277030411706386,1.2588136351585755,0.0,0.0,-0.0
40.04618228355661,-0.48696074521300425,1.254266054298019,0.0,0.0,-0.0
39.4210615075437,-0.47885347031494885,1.2126172423089865,0.0,0.0,-0.0
38.773944329972885,-0.45001837656989,1.1877067421098828,0.0,0.0,-0.0
38.10512130582945,-0.36493965892109625,1.1769640493901168,0.0,0.0,-0.0
37.44580195834069,-0.31466135635647813,1.155952837376045,0.0,0.0,-0.0
36.795447402559134,-0.3183852404198976,1.1301092699063784,0.0,0.0,-0.0
36.10994217099674,-0.30127900132246926,1.1518612188749564,0.0,0.0,-0.0
35.43759142358455,-0.23697105046862338,1.134409849846549,0.0,0.0,-0.0
34.79139249033644,-0.24096962955651563,1.1138002536647391,0.0,0.0,-0.0
34.10789846533363,-0.27630362507746853,1.1473872847681679,0.0,0.0,-0.0
33.41805103649373,-0.26304025979453693,1.1637929849968423,0.0,0.0,-0.0
32.74832587894489,-0.31348295136038357,1.159708731270926,0.0,0.0,-0.0
32.09671091307874,-0.34555425192430883,1.1361321267614937,0.0,0.0,-0.0
31.417902859267443,-0.3582372667020361,1.1037497011387862,0.0,0.0,-0.0
30.7479999072671,-0.44456050050164786,1.1319284849803246,0.0,0.0,-0.0
30.07259148257281,-0.46794846043949234,1.124709355514299,0.0,0.0,-0.0
29.38924932504821,-0.47821851413624616,1.1222250959910491,0.0,0.0,-0.0
28.73258262897956,-0.49638029673289785,1.1506398349486935,0.0,0.0,-0.0
28.1010495002548,-0.48136266556529367,1.143711879218717,0.0,0.0,-0.0
27.447353100587218,-0.45711139961339525,1.1733037704693066,0.0,0.0,-0.0
26.803314038959382,-0.4181427808653143,1.1769815763135179,0.0,0.0,-0.0
26.204959852694486,-0.41645195572909466,1.1091439173661684,0.0,0.0,-0.0
25.586940483030556,-0.4153233720140635,1.0857950867886323,0.0,0.0,-0.0
24.9628758999138,-0.3743435450632367,1.0954137706503586,0.0,0.0,-0.0
24.34845543658445,-0.3535880403069356,1.0888201718390074,0.0,0.0,-0.0
23.73027943842895,-0.3458132703498382,1.07462592936392,0.0,0.0,-0.0
23.168701099188223,-0.3476540662379177,1.0151943445351421,0.0,0.0,-0.0
22.594015937418742,-0.29855027821090513,0.9730231495218804,0.0,0.0,-0.0
21.976663979712974,-0.24568456961884097,0.9992160038284521,0.0,0.0,-0.0
21.437297314182516,-0.23144442588517197,0.9534437392947638,0.0,0.0,-0.0
20.88986636760934,-0.20117457737242805,0.9389879359093026,0.0,0.0,-0.0
20.356030094861683,-0.18177868053041973,0.936238987801396,0.0,0.0,-0.0
19.834746556854427,-0.17193138841108652,0.9316817266122699,0.0,0.0,-0.0
19.306089140548224,-0.15739932763261408,0.965329942479463,0.0,0.0,-0.0
18.801012226080633,-0.12615479322569967,0.9770666393801182,0.0,0.0,-0.0
18.304953781640815,-0.1100256991631517,0.9786265550131171,0.0,0.0,-0.0
17.820198768754704,-0.1037315463812637,0.9990139014403948,0.0,0.0,-0.0
17.359526925972244,-0.10060865729978166,1.0028652987430962,0.0,0.0,-0.0
16.93688781549427,-0.0906553089917677,0.9875147651265305,0.0,0.0,-0.0
16.495038705726436,-0.07582517875113344,1.0081282369775983,0.0,0.0,-0.0
16.077600654515777,-0.13242941399340113,1.0392634236626677,0.0,0.0,-0.0
15.691698184362345,-0.17718590143631419,1.054149691291758,0.0,0.0,-0.0
15.291215207067374,-0.2190000497126478,1.072414345889813,0.0,0.0,-0.0
14.924276387165067,-0.3033681142927293,1.0797231908889995,0.0,0.0,-0.0
14.585418032069445,-0.39737665022278196,1.0923786972560026,0.0,0.0,-0.0
14.268986126939177,-0.47069785439656314,1.095129994331476,0.0,0.0,-0.0
14.004376686992975,-0.5490268029621481,1.0740615976430932,0.0,0.0,-0.0
13.749538883790956,-0.6756967322934353,1.1021251837521076,0.0,0.0,-0.0
13.461999099706016,-0.7831640887446226,1.1274737579609388,0.0,0.0,-0.0
13.18469615237648,-0.8813373598122396,1.1168800638012888,0.0,0.0,-0.0
12.95323146072614,-0.9803623641440344,1.1099388560114756,0.0,0.0,-0.0
12.7364437092489,-1.114588368359484,1.1037760590690604,0.0,0.0,-0.0
12.506794062404008,-1.2513430479648167,1.1096204776669163,0.0,0.0,-0.0
12.316042900317766,-1.3947385078299692,1.1058660569538588,0.0,0.0,-0.0
12.14385982796639,-1.5165717404505614,1.075403149366023,0.0,0.0,-0.0
11.919289983855144,-1.598139883601141,1.1161754951967886,0.0,0.0,-0.0
11.73344064862648,-1.688052613484579,1.1239467695408019,0.0,0.0,-0.0
11.597511721347777,-1.7830414436018303,1.0622086751852344,0.0,0.0,-0.0
11.419133639473715,-1.88323883435021,1.05100238865773,0.0,0.0,-0.0
11.245526619949718,-1.961413565079724,1.0497688437071113,0.0,0.0,-0.0
11.080738668858702,-2.0121196034136277,1.0313650733182762,0.0,0.0,-0.0
10.88903485161764,-2.081935253134093,1.0454237084861673,0.0,0.0,-0.0
10.757610680701143,-2.143772218769955,1.0353414324498285,0.0,0.0,-0.0
10.623339293123014,-2.2239033038135263,0.994308624309629,0.0,0.0,-0.0
10.46706019552973,-2.2907499190574474,0.9726522602026223,0.0,0.0,-0.0
10.285859041119606,-2.4046599593106817,0.9888187283889265,0.0,0.0,-0.0
10.104579454051876,-2.452757094921123,1.0212822448801597,0.0,0.0,-0.0
9.957413552636195,-2.5165011020860653,0.9963172936147432,0.0,0.0,-0.0
9.802663206734858,-2.615283478946571,1.0126246758449646,0.0,0.0,-0.0
9.636076141153206,-2.685365265813116,0.9891798693536951,0.0,0.0,-0.0
9.48782448020034,-2.7151894186744383,0.9345420544226376,0.0,0.0,-0.0
9.321288243165746,-2.77938274564547,0.9495133416530084,0.0,0.0,-0.0
9.166852814385853,-2.8826382444800833,0.9431101852154796,0.0,0.0,-0.0
8.992935139202269,-2.939099542710498,0.9177012920268262,0.0,0.0,-0.0
8.820819994182049,-2.9456496545804365,0.9258611261758493,0.0,0.0,-0.0
8.662462064312306,-3.0013846677571,0.9175175191461753,0.0,0.0,-0.0
8.501780238536792,-3.053863679517678,0.9230480742145134,0.0,0.0,-0.0
8.3914439451548,-3.1247452424364712,0.8722936582311394,0.0,0.0,-0.0
8.268450245228713,-3.2011273118833867,0.84633786878447,0.0,0.0,-0.0
8.132463343858207,-3.2419362305846215,0.864411375439859,0.0,0.0,-0.0
7.989213027229932,-3.288405954389714,0.8571447527251616,0.0,0.0,-0.0
7.829429384226158,-3.3154349950771578,0.8796543879605763,0.0,0.0,-0.0
7.712649189817947,-3.361828900860667,0.8870768593548949,0.0,0.0,-0.0
7.632650371192633,-3.4145967760884015,0.8614538022752165,0.0,0.0,-0.0
7.562710076222084,-3.4592625335507106,0.8259266434654317,0.0,0.0,-0.0
7.483387002791125,-3.5070422057974335,0.839085359687447,0.0,0.0,-0.0
7.395300476050886,-3.5387702767281985,0.8575337523626916,0.0,0.0,-0.0
7.327744641992404,-3.597828379668992,0.8732255295691489,0.0,0.0,-0.0
7.286901577840962,-3.66235604014659,0.8918342994581752,0.0,0.0,-0.0
7.253918979952952,-3.7123139943607386,0.87356967429665,0.0,0.0,-0.0
7.230588865629309,-3.7500862496397374,0.8436724883208033,0.0,0.0,-0.0
7.189819742087404,-3.730263075496945,0.8495921245828745,0.0,0.0,-0.0
7.1383786714555635,-3.6901801194717825,0.8423352638263824,0.0,0.0,-0.0
7.108669163620556,-3.755748365599597,0.8154168611835665,0.0,0.0,-0.0
7.035855094493974,-3.74894144338958,0.8413879373981381,0.0,0.0,-0.0
6.933785782742674,-3.6867306999816374,0.857983519215602,0.0,0.0,-0.0
6.842368517812499,-3.7300535439712825,0.8278092874365607,0.0,0.0,-0.0
6.72856980616939,-3.718965781433565,0.8067153390428554,0.0,0.0,-0.0
6.572910254149207,-3.704235446587847,0.8345717063112307,0.0,0.0,-0.0
6.418634458469432,-3.771761721489346,0.8402432053992088,0.0,0.0,-0.0
6.240549777344653,-3.808499227206621,0.8070332851858338,0.0,0.0,-0.0
6.017308559870917,-3.828344772473321,0.8449469786401123,0.0,0.0,-0.0
5.811062418129668,-3.8982018860437053,0.8502627970191958,0.0,0.0,-0.0
5.575244794443993,-3.9601521857464226,0.8336529822672025,0.0,0.0,-0.0
5.351069002238394,-4.03254476150113,0.8256480176783799,0.0,0.0,-0.0
5.120896332625553,-4.088022224511167,0.7836630505509553,0.0,0.0,-0.0
4.884578890866,-4.166239542138867,0.7582824424334932,0.0,0.0,-0.0
4.633716310098534,-4.232620840763335,0.7703238273276982,0.0,0.0,-0.0
4.3914674391861865,-4.265325215955682,0.7460491373353891,0.0,0.0,-0.0
4.178889498595065,-4.411286566194816,0.7372053880374381,0.0,0.0,-0.0
3.962021177566214,-4.492066964871526,0.7018683832113208,0.0,0.0,-0.0
3.7398098768256056,-4.530353625962026,0.7005062697275993,0.0,0.0,-0.0
3.530920575020225,-4.594331995096271,0.7279027709048078,0.0,0.0,-0.0
3.3742000611922127,-4.645238798797864,0.6765254973407868,0.0,0.0,-0.0
3.238180230574278,-4.698807491117267,0.6552365364721368,0.0,0.0,-0.0
3.0760970390225717,-4.7123469845401065,0.6624422386891373,0.0,0.0,-0.0
2.9319275329761596,-4.747865915486644,0.6634731511199231,0.0,0.0,-0.0
2.7990319132738137,-4.776427328216491,0.6709162486567244,0.0,0.0,-0.0
2.7112216186206695,-4.766317262826641,0.6591618014392349,0.0,0.0,-0.0
2.6576853459423946,-4.772483091869719,0.6437909488238459,0.0,0.0,-0.0
2.640712456817255,-4.81419902743986,0.6364837946475648,0.0,0.0,-0.0
2.607702051099142,-4.8434117841278574,0.6474358720572891,0.0,0.0,-0.0
2.6124914261887455,-4.879696579576394,0.6643102017816572,0.0,0.0,-0.0
2.6659914343242024,-4.84135895826141,0.6567769005661291,0.0,0.0,-0.0
2.7402818219532303,-4.810572948588725,0.6416535021556625,0.0,0.0,-0.0
2.8373918362284187,-4.826697540719269,0.6061711856677545,0.0,0.0,-0.0
2.9482032699399965,-4.817553274574962,0.6138037780342703,0.0,0.0,-0.0
3.0896542587363083,-4.850304135413897,0.6589306612644703,0.0,0.0,-0.0
3.2659922664568084,-4.7652476817475895,0.6566748538847376,0.0,0.0,-0.0
3.4399409068431317,-4.6346400735678746,0.6719302083890466,0.0,0.0,-0.0
3.6543833160704997,-4.610101187714399,0.6949403162066111,0.0,0.0,-0.0
3.924561412057653,-4.553790816429052,0.6751329100691171,0.0,0.0,-0.0
4.178949303157912,-4.469162404770472,0.6645278183958753,0.0,0.0,-0.0
4.436621601757396,-4.403730077055459,0.6795335238265998,0.0,0.0,-0.0
4.710220107281961,-4.308883839719139,0.7025745058889461,0.0,0.0,-0.0
4.977152353625821,-4.172144291041048,0.7165918299192569,0.0,0.0,-0.0
5.2539796289423695,-4.060808725284359,0.7173397538464507,0.0,0.0,-0.0
5.5800007032310175,-4.005721712972546,0.7121312623275299,0.0,0.0,-0.0
5.914847457992129,-3.9089661927104644,0.7363548615221418,0.0,0.0,-0.0
6.266602238268569,-3.8480860350437975,0.7715539230157834,0.0,0.0,-0.0
6.6678110823119745,-3.836549718647663,0.780510051918811,0.0,0.0,-0.0
7.06947161270705,-3.814351953712481,0.8070131457675525,0.0,0.0,-0.0
7.479341377527923,-3.7822596922741423,0.8271873230036693,0.0,0.0,-0.0
7.920282130063351,-3.7147416024230857,0.8347770002000264,0.0,0.0,-0.0
8.364919085927646,-3.5699434850673253,0.8336184537910893,0.0,0.0,-0.0
8.801051626853067,-3.456541298829117,0.8670118611590696,0.0,0.0,-0.0
9.250970270543705,-3.3164998538854293,0.8884513384943261,0.0,0.0,-0.0
9.714366418989021,-3.1014660614270344,0.8886731523901483,0.0,0.0,-0.0
10.15665887740836,-2.945581311827954,0.9400596543583986,0.0,0.0,-0.0
10.60429368087353,-2.7440190902105974,0.9605995225876967,0.0,0.0,-0.0
11.038328472341343,-2.523331949533767,1.0100302669005892,0.0,0.0,-0.0
11.484726106506773,-2.2959389676346444,1.0727858602272504,0.0,0.0,-0.0
11.973227297599266,-2.040647085292483,1.0741463391376262,0.0,0.0,-0.0
12.452651339018967,-1.780836363103665,1.040091992032399,0.0,0.0,-0.0
12.898006953025428,-1.5419828358110916,1.0454569482378329,0.0,0.0,-0.0
13.32158478454543,-1.3220912825288627,1.0659691314870305,0.0,0.0,-0.0
13.7052703379056,-1.1192780130286215,1.1136940308768204,0.0,0.0,-0.0
14.095415374864896,-0.9520871869452271,1.1298027946883158,0.0,0.0,-0.0
14.528720469273434,-0.8265585010328406,1.0957709414594519,0.0,0.0,-0.0
14.935554781283038,-0.7169798628917092,1.1066267970295223,0.0,0.0,-0.0
15.347513330303078,-0.6103391811228419,1.0814413000753673,0.0,0.0,-0.0
15.762136334132336,-0.5278644923403414,1.03855674353304,0.0,0.0,-0.0
16.188656722839518,-0.5225548821169548,1.040972597338181,0.0,0.0,-0.0
16.588133084264598,-0.5411206648287573,1.0739884500673318,0.0,0.0,-0.0
17.002145205003277,-0.5472052531216187,1.0921554662426816,0.0,0.0,-0.0
17.42997233650646,-0.6060403214029658,1.09821923607554,0.0,0.0,-0.0
17.868129386775138,-0.6123202967144424,1.0641672367513675,0.0,0.0,-0.0
18.322065542818027,-0.5819237179921147,1.006305954902457,0.0,0.0,-0.0
18.80133934911952,-0.6398523163238478,1.0066341285727642,0.0,0.0,-0.0
19.273265056300268,-0.6684121620573344,0.9906173339811151,0.0,0.0,-0.0
19.74838363672793,-0.6966932697050601,0.9546340426407498,0.0,0.0,-0.0
20.24096875619154,-0.7190976246188049,0.9441149546478643,0.0,0.0,-0.0
20.67351490298408,-0.7011865068318868,0.9717119193943292,0.0,0.0,-0.0
21.163333630869765,-0.6778289347017724,0.9874741856815086,0.0,0.0,-0.0
21.67716425039875,-0.701825329788522,0.9984941858618074,0.0,0.0,-0.0
22.215286910510443,-0.6864396181425246,0.9951346715050239,0.0,0.0,-0.0
22.80783639641248,-0.666309009206407,0.981679912471394,0.0,0.0,-0.0
23.34600261111928,-0.6277713549412489,1.0322911796704755,0.0,0.0,-0.0
23.912574741672675,-0.5954075571705854,1.089982092762672,0.0,0.0,-0.0
24.464167421701838,-0.539276458909709,1.1170713995905421,0.0,0.0,-0.0
25.05516077909712,-0.44874414574410376,1.1143462534308373,0.0,0.0,-0.0
25.693840290151215,-0.37496149167281645,1.1077376192009607,0.0,0.0,-0.0
26.313573136877046,-0.31429253238681565,1.1290372409115745,0.0,0.0,-0.0
26.92797333141169,-0.27050279276614925,1.1380079760692563,0.0,0.0,-0.0
27.582662381370405,-0.19940534568454488,1.1373699100868901,0.0,0.0,-0.0
28.244806231455208,-0.12294084478084914,1.1562517359000273,0.0,0.0,-0.0
28.895459617226148,-0.026823592520767332,1.1529621652874977,0.0,0.0,-0.0
29.58422788474921,0.06184192799106841,1.1356128257421412,0.0,0.0,-0.0
30.316485328583006,0.08080480032569809,1.092964358940759,0.0,0.0,-0.0
31.041844028023522,0.09708983690134632,1.0784166353758138,0.0,0.0,-0.0
31.786950574202216,0.14893870122850103,1.08763693930142,0.0,0.0,-0.0
32.520900139992655,0.14056870508465896,1.1295229491519663,0.0,0.0,-0.0
33.234753802984926,0.12721075934075293,1.166097504697977,0.0,0.0,-0.0
33.97945953034696,0.16252610423455424,1.1511568648697321,0.0,0.0,-0.0
34.74601948476007,0.13210836721378963,1.1624664651646683,0.0,0.0,-0.0
35.50803680666925,0.06172812970750249,1.1850902661586777,0.0,0.0,-0.0
36.27783405905882,0.01973798886387444,1.1860541582867512,0.0,0.0,-0.0
37.05090569643741,0.0033492136535861294,1.1963859938655996,0.0,0.0,-0.0
37.78683758829333,0.004496597016151715,1.2299385435484838,0.0,0.0,-0.0
38.53727186305251,0.041931898837142045,1.2172563084805892,0.0,0.0,-0.0
39.29812018398747,0.051614624237100636,1.208916584190508,0.0,0.0,-0.0
40.06545622584187,0.10713820315309215,1.182439564000068,0.0,0.0,-0.0
40.804113794538615,0.15686257097251768,1.181375095669998,0.0,0.0,-0.0
41.53085679229973,0.20431241932998853,1.2126364794598443,0.0,0.0,-0.0
42.25719668517375,0.2877730513024082,1.210370330494962,0.0,0.0,-0.0
42.956405376764735,0.36058749141712804,1.2127039707619556,0.0,0.0,-0.0
43.63018802560718,0.40617006018564067,1.2420935833366213,0.0,0.0,-0.0
44.291164983851104,0.3984018902518392,1.2709140878315883,0.0,0.0,-0.0
44.948972227588264,0.42792031080392656,1.273689609070895,0.0,0.0,-0.0
45.5999057622032,0.4568260519677868,1.3114804286000934,0.0,0.0,-0.0
46.27482731559655,0.48948312447020587,1.3011892411424828,0.0,0.0,-0.0
46.97370540821215,0.5359566825370787,1.261900263384842,0.0,0.0,-0.0
47.62735058002757,0.5065685911398925,1.2943900312496759,0.0,0.0,-0.0
48.299722990394045,0.4849291696875254,1.3374805755909887,0.0,0.0,-0.0
48.97517897473579,0.47293289938816024,1.368705090428536,0.0,0.0,-0.0
49.60787042851897,0.42195007927330264,1.3886641271347344,0.0,0.0,-0.0
50.24760159807282,0.41186282688960224,1.3732063346589396,0.0,0.0,-0.0
50.89150131252539,0.4502551318460688,1.4150804350061805,0.0,0.0,-0.0
51.532944741453484,0.4451019096608344,1.4239376057268258,0.0,0.0,-0.0
52.17377566336649,0.39313360656176255,1.4199739588467772,0.0,0.0,-0.0
52.84807734688767,0.3564134355304582,1.444291186142746,0.0,0.0,-0.0
53.56127632985666,0.3495423006585098,1.4465010082259504,0.0,0.0,-0.0
54.27398734218893,0.32430481173250825,1.4270921225499806,0.0,0.0,-0.0
54.983039403484455,0.312015639331911,1.405153021568533,0.0,0.0,-0.0
55.693022514210284,0.28776959744904373,1.3910133532403803,0.0,0.0,-0.0
56.39353980378048,0.30088373587522327,1.3750839180351515,0.0,0.0,-0.0
57.04910542654205,0.3114089716730956,1.387641373619988,0.0,0.0,-0.0
57.70489813742776,0.25905819439977246,1.4162547768805414,0.0,0.0,-0.0
58.357106027381974,0.23671978081560083,1.434341347170535,0.0,0.0,-0.0
59.03140060116713,0.19555293986469052,1.4088314485812568,0.0,0.0,-0.0
59.67316120419032,0.1602493490447834,1.416637737451307,0.0,0.0,-0.0
60.28142868341511,0.1607886899398853,1.4398978948991463,0.0,0.0,-0.0
60.89825863637379,0.15659119402024177,1.4586001734745353,0.0,0.0,-0.0
61.44586520228382,0.09983309160789573,1.5335176152032877,0.0,0.0,-0.0
62.0496320398362,0.05447851770207335,1.5263333952748555,0.0,0.0,-0.0
62.65292596465745,0.09978048375515108,1.5062349402179314,0.0,0.0,-0.0
63.22590228458819,0.11693503390128944,1.5118181585150496,0.0,0.0,-0.0
63.80054623920831,0.09759271958132763,1.5014461719876049,0.0,0.0,-0.0
64.3346496482432,0.09247450719624792,1.5206403846907028,0.0,0.0,-0.0
64.82275306438088,0.12129753569880171,1.5495277709089812,0.0,0.0,-0.0
65.30821724212005,0.1372556132918485,1.5798000672949153,0.0,0.0,-0.0
65.7931863241784,0.14275463315622255,1.590824508079989,0.0,0.0,-0.0
66.29299755124087,0.11877048476670052,1.561425438828397,0.0,0.0,-0.0
66.76501375553946,0.0629117328608621,1.5562759350848023,0.0,0.0,-0.0
67.19846025269804,0.03601193898269803,1.5954043455907612,0.0,0.0,-0.0
67.63130568856116,0.005362697457887572,1.6051335168136542,0.0,0.0,-0.0
68.07217945841563,-0.030394552049355497,1.5930432705305384,0.0,0.0,-0.0
68.48817312396247,-0.019448814102914116,1.609951038014548,0.0,0.0,-0.0
68.9490452411191,-0.0550147990688968,1.5608661070238652,0.0,0.0,-0.0
69.38218019627344,-0.07235778913469686,1.5468013705848247,0.0,0.0,-0.0
69.74323724247223,-0.0750551424650909,1.585076724577109,0.0,0.0,-0.0
70.10713134718087,-0.09217352239543773,1.60065047781589,0.0,0.0,-0.0
70.48934150723173,-0.09451218507151393,1.6207820790439098,0.0,0.0,-0.0
70.86863000462449,-0.1622328432774628,1.6320674468035512,0.0,0.0,-0.0
71.2458739747684,-0.17507719726299514,1.601463675965562,0.0,0.0,-0.0
71.57100177506996,-0.09997607053854711,1.6225222455930806,0.0,0.0,-0.0
71.90080277217403,-0.08867338637393034,1.6641522948122964,0.0,0.0,-0.0
72.26938591686957,-0.10368508863863213,1.6676533567908507,0.0,0.0,-0.0
72.62957420092916,-0.13831478880130063,1.6656781685616067,0.0,0.0,-0.0
72.98787298051612,-0.17430863480288322,1.6490039029286108,0.0,0.0,-0.0
73.31378259284747,-0.11978645039527773,1.6769151812243415,0.0,0.0,-0.0
73.64155195844766,-0.11453440227678575,1.7085254136621686,0.0,0.0,-0.0
73.98538246052013,-0.11334601343772577,1.6922453746222752,0.0,0.0,-0.0
74.28397971632037,-0.14604422044698004,1.7078602006133279,0.0,0.0,-0.0
74.56542601349535,-0.1977213539847145,1.6934279980963127,0.0,0.0,-0.0
74.83927482905646,-0.1752704086396909,1.7013586580618238,0.0,0.0,-0.0
75.1062281742329,-0.16210263558661164,1.7326041961613952,0.0,0.0,-0.0
75.3729603245075,-0.1813801240194068,1.7494092346971344,0.0,0.0,-0.0
75.63273629771649,-0.14279598559795614,1.7645278891010132,0.0,0.0,-0.0
75.91135279594093,-0.11983823687225029,1.7782344558137573,0.0,0.0,-0.0
76.20247757235914,-0.09390752550705235,1.7531737365019973,0.0,0.0,-0.0
76.4418946047994,-0.11323525273753546,1.7746965903966692,0.0,0.0,-0.0
76.65014139603313,-0.09667485064473455,1.8070182770177425,0.0,0.0,-0.0
76.85492403570478,-0.08476444363414137,1.813164238092526,0.0,0.0,-0.0
77.048930714979,-0.11032131579365557,1.8135030611193563,0.0,0.0,-0.0
77.23812729388496,-0.07770236609049412,1.8126304018989294,0.0,0.0,-0.0
77.45164670162247,-0.07117554652990551,1.7915429384227795,0.0,0.0,-0.0
77.67053444392688,-0.0966418383527085,1.7675416842785299,0.0,0.0,-0.0
77.84833038657507,-0.12773490519873604,1.7897366353913193,0.0,0.0,-0.0
78.0418875481015,-0.1719147154436174,1.7973493358361337,0.0,0.0,-0.0
78.20336424095616,-0.15717482518558198,1.797795349166177,0.0,0.0,-0.0
78.35228363484092,-0.17062163881095918,1.816425305865547,0.0,0.0,-0.0
78.51232169705187,-0.16354213024010505,1.8393924460602378,0.0,0.0,-0.0
78.6890248366138,-0.19318266756385344,1.8532195284748263,0.0,0.0,-0.0
78.86743285972666,-0.22219910498254183,1.8295527462132894,0.0,0.0,-0.0
79.05915480784657,-0.1950809246133902,1.8060454627271447,0.0,0.0,-0.0
79.24235286881459,-0.20034095985161618,1.8075168978721659,0.0,0.0,-0.0
79.42128048099742,-0.19730284167986373,1.8007951264118618,0.0,0.0,-0.0
79.6020078589591,-0.23275942876496875,1.8089260458552445,0.0,0.0,-0.0
79.75998492239206,-0.2557143019797207,1.8168383440650822,0.0,0.0,0.0
79.95648337866936,-0.24541202722631472,1.8014676919726103,0.0,0.0,0.0
80.12590293440334,-0.27115107137333644,1.8299662359628517,0.0,0.0,0.0
80.32707431597028,-0.2913108184571673,1.8153731793858419,0.0,0.0,0.0
80.53415920219308,-0.2831650047042716,1.7815635809710855,0.0,0.0,0.0
80.74000190273325,-0.29862276397500603,1.777323976042416,0.0,0.0,-0.0
80.90855052758168,-0.3250590959421026,1.795201396603944,0.0,0.0,0.0
81.08412257495824,-0.32005909969953145,1.8088730457406368,0.0,0.0,0.0
81.26320874216054,-0.3112437007604171,1.825848985966654,0.0,0.0,0.0
81.45100522473332,-0.3283318183706202,1.8003471748978501,0.0,0.0,-0.0
81.64161686041373,-0.3055330954752323,1.7832142859043247,0.0,0.0,-0.0
81.80946037967564,-0.355765083406662,1.8084900141713667,0.0,0.0,-0.0
81.99771496199678,-0.4000248153496947,1.7976878032172452,0.0,0.0,-0.0
82.17192812258233,-0.4045485974706069,1.7851741244264205,0.0,0.0,-0.0
82.31523539162171,-0.46581148695158286,1.8244962452887337,0.0,0.0,-0.0
82.45696991007263,-0.5102607235504998,1.8536590993610265,0.0,0.0,-0.0
82.61735254977383,-0.4532274687409824,1.830216694448647,0.0,0.0,-0.0
82.75709288099208,-0.43819122783054465,1.8598355499039307,0.0,0.0,-0.0
82.89454467331424,-0.4154174687461452,1.8790772704733263,0.0,0.0,-0.0
83.04940195153081,-0.4177120074695626,1.8349202830214568,0.0,0.0,-0.0
83.1890793772831,-0.44422090255258884,1.8436978608658,0.0,0.0,-0.0
83.3513536978645,-0.42882245237441824,1.826569570319289,0.0,0.0,-0.0
83.49410322964299,-0.44572703935214114,1.8152598888985931,0.0,0.0,-0.0
83.60993230377959,-0.4948503519128675,1.8462368306144008,0.0,0.0,-0.0
83.70413645759533,-0.5304515437945109,1.8786553703439244,0.0,0.0,-0.0
83.83945390806046,-0.5655952200108316,1.8615594582584079,0.0,0.0,-0.0
83.96442990565818,-0.542607781585989,1.8661778765517445,0.0,0.0,-0.0
84.07222281547642,-0.4513178762979341,1.8821159531005895,0.0,0.0,-0.0
84.20817920940385,-0.44437801101191093,1.8721237249037495,0.0,0.0,-0.0
84.33742352123798,-0.4846019758392506,1.874245066539598,0.0,0.0,-0.0
84.46620318483052,-0.5539588931150956,1.879609400674209,0.0,0.0,-0.0
84.60025319055588,-0.6173138330466444,1.8620949799891844,0.0,0.0,-0.0
84.69083968249359,-0.6288741456047118,1.890526465835339,0.0,0.0,-0.0
84.79969125396795,-0.6223320797648916,1.8899211938227123,0.0,0.0,-0.0
84.930747916202,-0.6276460861073764,1.8689040619769148,0.0,0.0,-0.0
85.02592356592471,-0.6289239457337427,1.9067914770227121,0.0,0.0,-0.0
85.08605652425214,-0.5762536640295748,1.923671880685484,0.0,0.0,-0.0
85.12442818628473,-0.5342386623606871,1.8518345774586704,0.0,0.0,-0.0
85.14253588638843,-0.5265946536737033,1.7986350109194036,0.0,0.0,-0.0
85.1519033369655,-0.6025064703916659,1.7848328270308562,0.0,0.0,-0.0
85.15093591759688,-0.7147293978696815,1.8571342442578997,0.0,0.0,-0.0
85.19401688070866,-0.8634447670290907,1.8610613918767105,0.0,0.0,-0.0
85.2204071772002,-0.8426253142847274,1.866223836108171,0.0,0.0,-0.0
85.2270527824634,-0.8176893209115087,1.8853061484669045,0.0,0.0,-0.0
85.26362296546547,-0.7651877430883899,1.8803765658398968,0.0,0.0,-0.0
85.28379492448555,-0.6498675502275131,1.911103829603523,0.0,0.0,-0.0
85.3218001950205,-0.5535340258402981,1.8444931873586319,0.0,0.0,-0.0
85.34203031521768,-0.5621493769249325,1.8575413441498285,0.0,0.0,-0.0
85.37492644536916,-0.6405759401887033,1.8561479725556898,0.0,0.0,-0.0
85.37350152654572,-0.7087369186239202,1.8928339481760363,0.0,0.0,-0.0
85.41510624378336,-0.8572340902328941,1.8561667119562666,0.0,0.0,-0.0
85.42359415091357,-0.8253676006625035,1.8845381201380513,0.0,0.0,-0.0
85.45265548205718,-0.784644181225162,1.827906731696798,0.0,0.0,-0.0
85.42520100633001,-0.6985569354619603,1.8816857688448276,0.0,0.0,-0.0
85.43809090796711,-0.6117203427257109,1.841979322613191,0.0,0.0,-0.0
85.4342458889141,-0.582790148284138,1.878108233329369,0.0,0.0,-0.0
85.45626502102232,-0.636537566945786,1.852152323407105,0.0,0.0,-0.0
85.44606946983924,-0.6591422181752631,1.9017916172518035,0.0,0.0,-0.0
85.49605568115193,-0.6738387500450312,1.8942183700637545,0.0,0.0,-0.0
85.49775816699737,-0.5718852170230062,1.9200503212753237,0.0,0.0,-0.0
85.51489750396134,-0.5186051070210567,1.832824691501743,0.0,0.0,-0.0
85.48476317208777,-0.5612876799886879,1.821790553799993,0.0,0.0,-0.0
85.49283833554526,-0.627813663375808,1.7944051013022735,0.0,0.0,-0.0
85.45091364910695,-0.6594633593496952,1.8257556927173508,0.0,0.0,-0.0
85.40702060257274,-0.7599547763362277,1.8358012267994763,0.0,0.0,-0.0
85.3786859138337,-0.8410645642665506,1.8169103362004022,0.0,0.0,-0.0
85.34909220531227,-0.9305858243682621,1.8440784205226912,0.0,0.0,-0.0
85.33412810807155,-0.9752323849312822,1.8755839779427177,0.0,0.0,-0.0
85.29864665032004,-0.8838245594051307,1.8669720054244712,0.0,0.0,-0.0
85.26062842003608,-0.7494689569024972,1.8639966788627418,0.0,0.0,-0.0
85.2338365651549,-0.6440501887240366,1.8719552296052915,0.0,0.0,-0.0
85.23196788084243,-0.535095035319987,1.8489910201654083,0.0,0.0,-0.0
85.18509004594733,-0.45841099063892915,1.838502594425638,0.0,0.0,-0.0
85.13620330934923,-0.49608528021129183,1.8295876175426888,0.0,0.0,-0.0
85.08963923808253,-0.5450659813615559,1.8563070958954428,0.0,0.0,-0.0
85.05896120185824,-0.6495739375260658,1.841349828115988,0.0,0.0,-0.0
85.02437381964286,-0.7361830233127419,1.8729175148117363,0.0,0.0,-0.0
84.98904302923499,-0.7852955292845701,1.8552056934397048,0.0,0.0,-0.0
